{
  "Profiles": [
    {
      "Link Color": {
        "Red Component": 0,
        "Color Space": "sRGB",
        "Blue Component": 0.734233021736145,
        "Alpha Component": 1,
        "Green Component": 0.3591606020927429
      },
      "Tags": [],
      "Ansi 12 Color": {
        "Red Component": 0.32941176470588235,
        "Color Space": "sRGB",
        "Blue Component": 0.7411764705882353,
        "Green Component": 0.5882352941176471
      },
      "Ansi 7 Color": {
        "Red Component": 0.6705882352941176,
        "Color Space": "sRGB",
        "Blue Component": 0.7529411764705882,
        "Green Component": 0.6901960784313725
      },
      "Ansi 8 Color": {
        "Red Component": 0.5372549019607843,
        "Color Space": "sRGB",
        "Blue Component": 0.6196078431372549,
        "Green Component": 0.5607843137254902
      },
      "Bold Color": {
        "Red Component": 0.6705882352941176,
        "Color Space": "sRGB",
        "Blue Component": 0.7529411764705882,
        "Green Component": 0.6901960784313725
      },
      "Ansi 9 Color": {
        "Red Component": 0.7568627450980392,
        "Color Space": "sRGB",
        "Blue Component": 0.5529411764705883,
        "Green Component": 0.4823529411764706
      },
      "Guid": "D6712096-4A59-4C18-97FB-F31947FD2703",
      "Horizontal Spacing": 1,
      "Rows": 25,
      "Default Bookmark": "No",
      "Cursor Guide Color": {
        "Red Component": 0.7021318674087524,
        "Color Space": "sRGB",
        "Blue Component": 1,
        "Alpha Component": 0.25,
        "Green Component": 0.9268307089805603
      },
      "Non-ASCII Anti Aliased": true,
      "Use Bright Bold": true,
      "Ansi 10 Color": {
        "Red Component": 0.49019607843137253,
        "Color Space": "sRGB",
        "Blue Component": 0.3803921568627451,
        "Green Component": 0.592156862745098
      },
      "Ambiguous Double Width": false,
      "Jobs to Ignore": [
        "rlogin",
        "ssh",
        "slogin",
        "telnet"
      ],
      "Show Status Bar": true,
      "Ansi 15 Color": {
        "Red Component": 0.7725490196078432,
        "Color Space": "sRGB",
        "Blue Component": 0.8588235294117647,
        "Green Component": 0.796078431372549
      },
      "Foreground Color": {
        "Red Component": 0.6705882352941176,
        "Color Space": "sRGB",
        "Blue Component": 0.7529411764705882,
        "Green Component": 0.6901960784313725
      },
      "Working Directory": "/Users/furkanuzumcu",
      "Blinking Cursor": true,
      "Disable Window Resizing": true,
      "Sync Title": false,
      "Prompt Before Closing 2": false,
      "BM Growl": true,
      "Command": "",
      "Description": "Default",
      "Mouse Reporting": true,
      "Screen": -1,
      "Selection Color": {
        "Red Component": 0.6705882352941176,
        "Color Space": "sRGB",
        "Blue Component": 0.7529411764705882,
        "Green Component": 0.6901960784313725
      },
      "Columns": 80,
      "Idle Code": 0,
      "Ansi 13 Color": {
        "Red Component": 0.6078431372549019,
        "Color Space": "sRGB",
        "Blue Component": 0.7333333333333333,
        "Green Component": 0.5215686274509804
      },
      "Custom Command": "No",
      "ASCII Anti Aliased": true,
      "Non Ascii Font": "Monaco 12",
      "Vertical Spacing": 1,
      "Use Bold Font": true,
      "Option Key Sends": 0,
      "Selected Text Color": {
        "Red Component": 0.12549019607843137,
        "Color Space": "sRGB",
        "Blue Component": 0.19215686274509805,
        "Green Component": 0.16470588235294117
      },
      "Background Color": {
        "Red Component": 0.12549019607843137,
        "Color Space": "sRGB",
        "Blue Component": 0.19215686274509805,
        "Green Component": 0.16470588235294117
      },
      "Character Encoding": 4,
      "Ansi 11 Color": {
        "Red Component": 0.6980392156862745,
        "Color Space": "sRGB",
        "Blue Component": 0.3803921568627451,
        "Green Component": 0.5294117647058824
      },
      "Thin Strokes": 4,
      "Use Italic Font": true,
      "Unlimited Scrollback": false,
      "Keyboard Map": {
        "0xf700-0x260000": {
          "Text": "[1;6A",
          "Action": 10
        },
        "0x37-0x40000": {
          "Text": "0x1f",
          "Action": 11
        },
        "0x32-0x40000": {
          "Text": "0x00",
          "Action": 11
        },
        "0xf709-0x20000": {
          "Text": "[17;2~",
          "Action": 10
        },
        "0xf70c-0x20000": {
          "Text": "[20;2~",
          "Action": 10
        },
        "0xf729-0x20000": {
          "Text": "[1;2H",
          "Action": 10
        },
        "0xf72b-0x40000": {
          "Text": "[1;5F",
          "Action": 10
        },
        "0xf705-0x20000": {
          "Text": "[1;2Q",
          "Action": 10
        },
        "0xf703-0x260000": {
          "Text": "[1;6C",
          "Action": 10
        },
        "0xf700-0x220000": {
          "Text": "[1;2A",
          "Action": 10
        },
        "0xf701-0x280000": {
          "Text": "0x1b 0x1b 0x5b 0x42",
          "Action": 11
        },
        "0x38-0x40000": {
          "Text": "0x7f",
          "Action": 11
        },
        "0x33-0x40000": {
          "Text": "0x1b",
          "Action": 11
        },
        "0xf703-0x220000": {
          "Text": "[1;2C",
          "Action": 10
        },
        "0xf701-0x240000": {
          "Text": "[1;5B",
          "Action": 10
        },
        "0xf70d-0x20000": {
          "Text": "[21;2~",
          "Action": 10
        },
        "0xf702-0x260000": {
          "Text": "[1;6D",
          "Action": 10
        },
        "0xf729-0x40000": {
          "Text": "[1;5H",
          "Action": 10
        },
        "0xf706-0x20000": {
          "Text": "[1;2R",
          "Action": 10
        },
        "0x34-0x40000": {
          "Text": "0x1c",
          "Action": 11
        },
        "0xf700-0x280000": {
          "Text": "0x1b 0x1b 0x5b 0x41",
          "Action": 11
        },
        "0x2d-0x40000": {
          "Text": "0x1f",
          "Action": 11
        },
        "0xf70e-0x20000": {
          "Text": "[23;2~",
          "Action": 10
        },
        "0xf702-0x220000": {
          "Text": "[1;2D",
          "Action": 10
        },
        "0xf703-0x280000": {
          "Text": "0x1b 0x1b 0x5b 0x43",
          "Action": 11
        },
        "0xf700-0x240000": {
          "Text": "[1;5A",
          "Action": 10
        },
        "0xf707-0x20000": {
          "Text": "[1;2S",
          "Action": 10
        },
        "0xf70a-0x20000": {
          "Text": "[18;2~",
          "Action": 10
        },
        "0x35-0x40000": {
          "Text": "0x1d",
          "Action": 11
        },
        "0xf70f-0x20000": {
          "Text": "[24;2~",
          "Action": 10
        },
        "0xf703-0x240000": {
          "Text": "[1;5C",
          "Action": 10
        },
        "0xf701-0x260000": {
          "Text": "[1;6B",
          "Action": 10
        },
        "0xf702-0x280000": {
          "Text": "0x1b 0x1b 0x5b 0x44",
          "Action": 11
        },
        "0xf72b-0x20000": {
          "Text": "[1;2F",
          "Action": 10
        },
        "0x36-0x40000": {
          "Text": "0x1e",
          "Action": 11
        },
        "0xf708-0x20000": {
          "Text": "[15;2~",
          "Action": 10
        },
        "0xf701-0x220000": {
          "Text": "[1;2B",
          "Action": 10
        },
        "0xf70b-0x20000": {
          "Text": "[19;2~",
          "Action": 10
        },
        "0xf702-0x240000": {
          "Text": "[1;5D",
          "Action": 10
        },
        "0xf704-0x20000": {
          "Text": "[1;2P",
          "Action": 10
        }
      },
      "Window Type": 0,
      "Background Image Location": "",
      "Blur": false,
      "Badge Color": {
        "Red Component": 1,
        "Color Space": "sRGB",